library_preparation.label	label	description	clonal.label	differentiated_product_protocol_id	model_system	timepoint_value	timepoint_unit	final_timepoint	treatment_condition	wt_control_status	ko_strategy	ko_gene	library_preparation.description	library_preparation.library_preparation_protocol_id	library_preparation.average_fragment_size	library_preparation.input_amount_value	library_preparation.input_amount_unit	library_preparation.concentration_value	library_preparation.concentration_unit	library_preparation.total_yield_value	library_preparation.total_yield_unit	library_preparation.cdna_pcr_cycles	library_preparation.pcr_cycles_for_indexing	file_id	run_id	model_organ
S21_GT25-02972	JAX_C01_Rep2	KOLF2.2J derived knockout cell line, GCM1 KO from JAX, differentiated to the trophoblast lineage and favoring primitive syncytium formation	MOK20022W-C01	dx.doi.org/10.17504/protocols.io.q26g7mwekgwz/v1	JAX_C01_Rep2	6	days	yes	Not applicable	KO	KO_JAX	GCM1		dx.doi.org/10.17504/protocols.io.3byl4z39ovo5/v1	469	100	ng	7.28	ng/uL	145.6	ng	0	12	JAX_C01_Rep2_GT25-02972_TGACTGACNNNNNNNNN-CAGAACTG_S21_L002	20250616_GT25-RobsonP-99	primitive syncytium
S22_GT25-02976	JAX_E04_Rep3	KOLF2.2J derived knockout cell line, GCM1 KO from JAX, differentiated to the trophoblast lineage and favoring primitive syncytium formation	MOK20022W-E04	dx.doi.org/10.17504/protocols.io.q26g7mwekgwz/v1	JAX_E04_Rep3	6	days	yes	Not applicable	KO	KO_JAX	GCM1		dx.doi.org/10.17504/protocols.io.3byl4z39ovo5/v1	465	100	ng	7.44	ng/uL	148.8	ng	0	12	JAX_E04_Rep3_GT25-02976_TTCCTGTGNNNNNNNNN-CTCCTGAA_S22_L002	20250616_GT25-RobsonP-99	primitive syncytium
S23_GT25-02979	MSK_Clone1_Rep3	KOLF2.2J derived knockout cell line, GCM1 KO from MSK, differentiated to the trophoblast lineage and favoring primitive syncytium formation	GCM1-KO_MSK-C1	dx.doi.org/10.17504/protocols.io.q26g7mwekgwz/v1	MSK_Clone1_Rep3	6	days	yes	Not applicable	KO	KO_MSK	GCM1		dx.doi.org/10.17504/protocols.io.3byl4z39ovo5/v1	473	100	ng	8.4	ng/uL	168	ng	0	12	MSK_Clone1_Rep3_GT25-02979_AAGTCGAGNNNNNNNNN-CGCAATGT_S23_L002	20250616_GT25-RobsonP-99	primitive syncytium
S24_GT25-02985	JAX_MSK_WT3	KOLF2.2J differentiated to the trophoblast lineage and favoring primitive syncytium formation	WT_JAX_MSK	dx.doi.org/10.17504/protocols.io.q26g7mwekgwz/v1	JAX_MSK_WT3	6	days	yes	Not applicable	WT	CTRL_KO_WT	WT		dx.doi.org/10.17504/protocols.io.3byl4z39ovo5/v1	475	100	ng	4.66	ng/uL	93.2	ng	0	12	JAX_MSK_WT3_GT25-02985_AACGACGTNNNNNNNNN-TCAATCCG_S24_L002	20250616_GT25-RobsonP-99	primitive syncytium
S25_GT25-02987	NW_C20_IAA_Rep2	KOLF2.2J derived auxin induced degron null of GCM1 differentiated to the trophoblast lineage and favoring primitive syncytium formation	GCM1-KO_NW_IAA_C20	dx.doi.org/10.17504/protocols.io.q26g7mwekgwz/v1	NW_C20_IAA_Rep2	6	days	yes	IAA_3 days	KO	AID_NW	GCM1		dx.doi.org/10.17504/protocols.io.3byl4z39ovo5/v1	475	100	ng	6.28	ng/uL	125.6	ng	0	12	NW_C20_IAA_Rep2_GT25-02987_CACGTTGTNNNNNNNNN-ACACCTCA_S25_L002	20250616_GT25-RobsonP-99	primitive syncytium
S26_GT25-02971	JAX_C01_Rep1	KOLF2.2J derived knockout cell line, GCM1 KO from JAX, differentiated to the trophoblast lineage and favoring primitive syncytium formation	MOK20022W-C01	dx.doi.org/10.17504/protocols.io.q26g7mwekgwz/v1	JAX_C01_Rep1	6	days	yes	Not applicable	KO	KO_JAX	GCM1		dx.doi.org/10.17504/protocols.io.3byl4z39ovo5/v1	480	100	ng	8.98	ng/uL	179.6	ng	0	12	JAX_C01_Rep1_GT25-02971_TGTACCGTNNNNNNNNN-CCTAGAGA_S26_L002	20250616_GT25-RobsonP-99	primitive syncytium
S27_GT25-02984	JAX_MSK_WT2	KOLF2.2J differentiated to the trophoblast lineage and favoring primitive syncytium formation	WT_JAX_MSK	dx.doi.org/10.17504/protocols.io.q26g7mwekgwz/v1	JAX_MSK_WT2	6	days	yes	Not applicable	WT	CTRL_KO_WT	WT		dx.doi.org/10.17504/protocols.io.3byl4z39ovo5/v1	472	100	ng	5.88	ng/uL	117.6	ng	0	12	JAX_MSK_WT2_GT25-02984_CGTTGAGTNNNNNNNNN-GCATAGTC_S27_L002	20250616_GT25-RobsonP-99	primitive syncytium
S28_GT25-02988	NW_C20_IAA_Rep3	KOLF2.2J derived auxin induced degron null of GCM1 differentiated to the trophoblast lineage and favoring primitive syncytium formation	GCM1-KO_NW_IAA_C20	dx.doi.org/10.17504/protocols.io.q26g7mwekgwz/v1	NW_C20_IAA_Rep3	6	days	yes	IAA_3 days	KO	AID_NW	GCM1		dx.doi.org/10.17504/protocols.io.3byl4z39ovo5/v1	474	100	ng	6.18	ng/uL	123.6	ng	0	12	NW_C20_IAA_Rep3_GT25-02988_CCGGAATTNNNNNNNNN-ACCGAATG_S28_L002	20250616_GT25-RobsonP-99	primitive syncytium
S29_GT25-02995	NW_WT_IAA_Rep1	KOLF2.2J differentiated to the trophoblast lineage and favoring primitive syncytium formation	WT_NW_IAA	dx.doi.org/10.17504/protocols.io.q26g7mwekgwz/v1	NW_WT_IAA_Rep1	6	days	yes	IAA_3 days	WT	CTRL_AID_WT	WT		dx.doi.org/10.17504/protocols.io.3byl4z39ovo5/v1	461	100	ng	6.14	ng/uL	122.8	ng	0	12	NW_WT_IAA_Rep1_GT25-02995_TCACAGCANNNNNNNNN-GAGGCATT_S29_L002	20250616_GT25-RobsonP-99	primitive syncytium
S30_GT25-02978	MSK_Clone1_Rep2	KOLF2.2J derived knockout cell line, GCM1 KO from MSK, differentiated to the trophoblast lineage and favoring primitive syncytium formation	GCM1-KO_MSK-C1	dx.doi.org/10.17504/protocols.io.q26g7mwekgwz/v1	MSK_Clone1_Rep2	6	days	yes	Not applicable	KO	KO_MSK	GCM1		dx.doi.org/10.17504/protocols.io.3byl4z39ovo5/v1	478	100	ng	7.02	ng/uL	140.4	ng	0	12	MSK_Clone1_Rep2_GT25-02978_GCCACTTANNNNNNNNN-GAGTAGAG_S30_L002	20250616_GT25-RobsonP-99	primitive syncytium
S31_GT25-02980	MSK_Clone2_Rep1	KOLF2.2J derived knockout cell line, GCM1 KO from MSK, differentiated to the trophoblast lineage and favoring primitive syncytium formation	GCM1-KO_MSK-C2	dx.doi.org/10.17504/protocols.io.q26g7mwekgwz/v1	MSK_Clone2_Rep1	6	days	yes	Not applicable	KO	KO_MSK	GCM1		dx.doi.org/10.17504/protocols.io.3byl4z39ovo5/v1	468	100	ng	4.76	ng/uL	95.2	ng	0	12	MSK_Clone2_Rep1_GT25-02980_TAGACGTGNNNNNNNNN-CTCACCAA_S31_L002	20250616_GT25-RobsonP-99	primitive syncytium
S32_GT25-02993	NW_Parent_IAA_Rep2	KOLF2.2J arboring OsTIR1 as a control for AID system differentiated to the trophoblast lineage and favoring primitive syncytium formation	Parental_NW_IAA	dx.doi.org/10.17504/protocols.io.q26g7mwekgwz/v1	NW_Parent_IAA_Rep2	6	days	yes	IAA_3 days	Parental line; control	CTRL_AID_OsTIR1	WT		dx.doi.org/10.17504/protocols.io.3byl4z39ovo5/v1	474	100	ng	8.18	ng/uL	163.6	ng	0	12	NW_Parent_IAA_Rep2_GT25-02993_CGTATTCGNNNNNNNNN-TGTCGACT_S32_L002	20250616_GT25-RobsonP-99	primitive syncytium
S33_GT25-02975	JAX_E04_Rep2	KOLF2.2J derived knockout cell line, GCM1 KO from JAX, differentiated to the trophoblast lineage and favoring primitive syncytium formation	MOK20022W-E04	dx.doi.org/10.17504/protocols.io.q26g7mwekgwz/v1	JAX_E04_Rep2	6	days	yes	Not applicable	KO	KO_JAX	GCM1		dx.doi.org/10.17504/protocols.io.3byl4z39ovo5/v1	473	100	ng	8.22	ng/uL	164.4	ng	0	12	JAX_E04_Rep2_GT25-02975_TGACGCATNNNNNNNNN-TCAGTAGG_S33_L002	20250616_GT25-RobsonP-99	primitive syncytium
S34_GT25-02986	NW_C20_IAA_Rep1	KOLF2.2J derived auxin induced degron null of GCM1 differentiated to the trophoblast lineage and favoring primitive syncytium formation	GCM1-KO_NW_IAA_C20	dx.doi.org/10.17504/protocols.io.q26g7mwekgwz/v1	NW_C20_IAA_Rep1	6	days	yes	IAA_3 days	KO	AID_NW	GCM1		dx.doi.org/10.17504/protocols.io.3byl4z39ovo5/v1	487	100	ng	3.24	ng/uL	64.8	ng	0	12	NW_C20_IAA_Rep1_GT25-02986_ACCTGACTNNNNNNNNN-ACGCTTCT_S34_L002	20250616_GT25-RobsonP-99	primitive syncytium
S35_GT25-02983	JAX_MSK_WT1	KOLF2.2J differentiated to the trophoblast lineage and favoring primitive syncytium formation	WT_JAX_MSK	dx.doi.org/10.17504/protocols.io.q26g7mwekgwz/v1	JAX_MSK_WT1	6	days	yes	Not applicable	WT	CTRL_KO_WT	WT		dx.doi.org/10.17504/protocols.io.3byl4z39ovo5/v1	476	100	ng	5.2	ng/uL	104	ng	0	12	JAX_MSK_WT1_GT25-02983_CCGATGTANNNNNNNNN-CAACTTGG_S35_L002	20250616_GT25-RobsonP-99	primitive syncytium
S36_GT25-02990	NW_C43_IAA_Rep2	KOLF2.2J derived auxin induced degron null of GCM1 differentiated to the trophoblast lineage and favoring primitive syncytium formation	GCM1-KO_NW_IAA_C43	dx.doi.org/10.17504/protocols.io.q26g7mwekgwz/v1	NW_C43_IAA_Rep2	6	days	yes	IAA_3 days	KO	AID_NW	GCM1		dx.doi.org/10.17504/protocols.io.3byl4z39ovo5/v1	475	100	ng	6.7	ng/uL	134	ng	0	12	NW_C43_IAA_Rep2_GT25-02990_TCAAGGACNNNNNNNNN-CATTCGTC_S36_L002	20250616_GT25-RobsonP-99	primitive syncytium
S37_GT25-02973	JAX_C01_Rep3	KOLF2.2J derived knockout cell line, GCM1 KO from JAX, differentiated to the trophoblast lineage and favoring primitive syncytium formation	MOK20022W-C01	dx.doi.org/10.17504/protocols.io.q26g7mwekgwz/v1	JAX_C01_Rep3	6	days	yes	Not applicable	KO	KO_JAX	GCM1		dx.doi.org/10.17504/protocols.io.3byl4z39ovo5/v1	482	100	ng	7.98	ng/uL	159.6	ng	0	12	JAX_C01_Rep3_GT25-02973_GTGTCTGANNNNNNNNN-ATAGTCGG_S37_L002	20250616_GT25-RobsonP-99	primitive syncytium
S38_GT25-02981	MSK_Clone2_Rep2	KOLF2.2J derived knockout cell line, GCM1 KO from MSK, differentiated to the trophoblast lineage and favoring primitive syncytium formation	GCM1-KO_MSK-C2	dx.doi.org/10.17504/protocols.io.q26g7mwekgwz/v1	MSK_Clone2_Rep2	6	days	yes	Not applicable	KO	KO_MSK	GCM1		dx.doi.org/10.17504/protocols.io.3byl4z39ovo5/v1	467	100	ng	7.72	ng/uL	154.4	ng	0	12	MSK_Clone2_Rep2_GT25-02981_TGACTTCGNNNNNNNNN-CTTAGGAC_S38_L002	20250616_GT25-RobsonP-99	primitive syncytium
S39_GT25-02982	MSK_Clone2_Rep3	KOLF2.2J derived knockout cell line, GCM1 KO from MSK, differentiated to the trophoblast lineage and favoring primitive syncytium formation	GCM1-KO_MSK-C2	dx.doi.org/10.17504/protocols.io.q26g7mwekgwz/v1	MSK_Clone2_Rep3	6	days	yes	Not applicable	KO	KO_MSK	GCM1		dx.doi.org/10.17504/protocols.io.3byl4z39ovo5/v1	485	100	ng	7.12	ng/uL	142.4	ng	0	12	MSK_Clone2_Rep3_GT25-02982_GTGCTTACNNNNNNNNN-TTCCTCCT_S39_L002	20250616_GT25-RobsonP-99	primitive syncytium
S40_GT25-02991	NW_C43_IAA_Rep3	KOLF2.2J derived auxin induced degron null of GCM1 differentiated to the trophoblast lineage and favoring primitive syncytium formation	GCM1-KO_NW_IAA_C43	dx.doi.org/10.17504/protocols.io.q26g7mwekgwz/v1	NW_C43_IAA_Rep3	6	days	yes	IAA_3 days	KO	AID_NW	GCM1		dx.doi.org/10.17504/protocols.io.3byl4z39ovo5/v1	472	100	ng	6.28	ng/uL	125.6	ng	0	12	NW_C43_IAA_Rep3_GT25-02991_TTCGCAGTNNNNNNNNN-TCCGATCA_S40_L002	20250616_GT25-RobsonP-99	primitive syncytium
S41_GT25-02974	JAX_E04_Rep1	KOLF2.2J derived knockout cell line, GCM1 KO from JAX, differentiated to the trophoblast lineage and favoring primitive syncytium formation	MOK20022W-E04	dx.doi.org/10.17504/protocols.io.q26g7mwekgwz/v1	JAX_E04_Rep1	6	days	yes	Not applicable	KO	KO_JAX	GCM1		dx.doi.org/10.17504/protocols.io.3byl4z39ovo5/v1	477	100	ng	8.94	ng/uL	178.8	ng	0	12	JAX_E04_Rep1_GT25-02974_GTGGTGTTNNNNNNNNN-GCTGTAAG_S41_L002	20250616_GT25-RobsonP-99	primitive syncytium
S42_GT25-02989	NW_C43_IAA_Rep1	KOLF2.2J derived auxin induced degron null of GCM1 differentiated to the trophoblast lineage and favoring primitive syncytium formation	GCM1-KO_NW_IAA_C43	dx.doi.org/10.17504/protocols.io.q26g7mwekgwz/v1	NW_C43_IAA_Rep1	6	days	yes	IAA_3 days	KO	AID_NW	GCM1		dx.doi.org/10.17504/protocols.io.3byl4z39ovo5/v1	486	100	ng	6.1	ng/uL	122	ng	0	12	NW_C43_IAA_Rep1_GT25-02989_TGGATCACNNNNNNNNN-GCATTGGT_S42_L002	20250616_GT25-RobsonP-99	primitive syncytium
S43_GT25-02977	MSK_Clone1_Rep1	KOLF2.2J derived knockout cell line, GCM1 KO from MSK, differentiated to the trophoblast lineage and favoring primitive syncytium formation	GCM1-KO_MSK-C1	dx.doi.org/10.17504/protocols.io.q26g7mwekgwz/v1	MSK_Clone1_Rep1	6	days	yes	Not applicable	KO	KO_MSK	GCM1		dx.doi.org/10.17504/protocols.io.3byl4z39ovo5/v1	465	100	ng	6.94	ng/uL	138.8	ng	0	12	MSK_Clone1_Rep1_GT25-02977_GTTGCGATNNNNNNNNN-GACTTGTG_S43_L002	20250616_GT25-RobsonP-99	primitive syncytium
S44_GT25-02994	NW_Parent_IAA_Rep3	KOLF2.2J arboring OsTIR1 as a control for AID system differentiated to the trophoblast lineage and favoring primitive syncytium formation	Parental_NW_IAA	dx.doi.org/10.17504/protocols.io.q26g7mwekgwz/v1	NW_Parent_IAA_Rep3	6	days	yes	IAA_3 days	Parental line; control	CTRL_AID_OsTIR1	WT		dx.doi.org/10.17504/protocols.io.3byl4z39ovo5/v1	473	100	ng	5.38	ng/uL	107.6	ng	0	12	NW_Parent_IAA_Rep3_GT25-02994_GTTAAGGCNNNNNNNNN-ACCTTCGA_S44_L002	20250616_GT25-RobsonP-99	primitive syncytium
S45_GT25-02992	NW_Parent_IAA_Rep1	KOLF2.2J arboring OsTIR1 as a control for AID system differentiated to the trophoblast lineage and favoring primitive syncytium formation	Parental_NW_IAA	dx.doi.org/10.17504/protocols.io.q26g7mwekgwz/v1	NW_Parent_IAA_Rep1	6	days	yes	IAA_3 days	Parental line; control	CTRL_AID_OsTIR1	WT		dx.doi.org/10.17504/protocols.io.3byl4z39ovo5/v1	464	100	ng	8.26	ng/uL	165.2	ng	0	12	NW_Parent_IAA_Rep1_GT25-02992_AGTCGCTTNNNNNNNNN-TCGAACCT_S45_L002	20250616_GT25-RobsonP-99	primitive syncytium
S47_GT25-03003	NW_C43_DMSO_Rep3	KOLF2.2J derived DMSO control for degron null GCM1 differentiated to the trophoblast lineage and favoring primitive syncytium formation	GCM1-KO_NW_DMSO_C43	dx.doi.org/10.17504/protocols.io.q26g7mwekgwz/v1	NW_C43_DMSO_Rep3	6	days	yes	DMSO_3 days	KO	CTRL_AID_DMSO	WT		dx.doi.org/10.17504/protocols.io.3byl4z39ovo5/v1	486	100	ng	7.1	ng/uL	142	ng	0	12	NW_C43_DMSO_Rep3_GT25-03003_CTACTTGGNNNNNNNNN-TACTCCAG_S47_L003	20250616_GT25-RobsonP-99	primitive syncytium
S48_GT25-03033	UCSF_WT_DMSO_Rep3	KOLF2.2J differentiated to the trophoblast lineage and favoring primitive syncytium formation	WT_UCSF_DMSO	dx.doi.org/10.17504/protocols.io.q26g7mwekgwz/v1	UCSF_WT_DMSO_Rep3	6	days	yes	DMSO_6days	WT	CTRL_CRISPRi_WT	WT		dx.doi.org/10.17504/protocols.io.3byl4z39ovo5/v1	479	100	ng	10.5	ng/uL	210	ng	0	12	UCSF_WT_DMSO_Rep3_GT25-03033_ATAAGGCGNNNNNNNNN-GCGTTAGA_S48_L003	20250616_GT25-RobsonP-99	primitive syncytium
S49_GT25-03012	UCSF_Pool1_DOX_Rep3	KOLF2.2J derived CRISPRi generated GCM1 null differentiated to the trophoblast lineage and favoring primitive syncytium formation	GCM1-KO_UCSF_DOX_P1	dx.doi.org/10.17504/protocols.io.q26g7mwekgwz/v1	UCSF_Pool1_DOX_Rep3	6	days	yes	DOX_6days	KO	CRISPRi_UCSF	GCM1		dx.doi.org/10.17504/protocols.io.3byl4z39ovo5/v1	520	100	ng	8.86	ng/uL	177.2	ng	0	12	UCSF_Pool1_DOX_Rep3_GT25-03012_TGGCTATCNNNNNNNNN-CATCACGT_S49_L003	20250616_GT25-RobsonP-99	primitive syncytium
S50_GT25-03030	UCSF_Parent_DMSO_Rep3	KOLF2.2J arboring CRISPRi transgene in the AAVS1 locus as a control differentiated to the trophoblast lineage and favoring primitive syncytium formation	Parental_UCSF_DMSO	dx.doi.org/10.17504/protocols.io.q26g7mwekgwz/v1	UCSF_Parent_DMSO_Rep3	6	days	yes	DMSO_6days	Parental line; control	CTRL_CRISPRi_AAVS1	WT		dx.doi.org/10.17504/protocols.io.3byl4z39ovo5/v1	487	100	ng	9	ng/uL	180	ng	0	12	UCSF_Parent_DMSO_Rep3_GT25-03030_CGAAGAACNNNNNNNNN-CCTAAGTC_S50_L003	20250616_GT25-RobsonP-99	primitive syncytium
S51_GT25-03018	UCSF_Parent_DOX_Rep3	KOLF2.2J arboring CRISPRi transgene in the AAVS1 locus as a control differentiated to the trophoblast lineage and favoring primitive syncytium formation	Parental_UCSF_DOX	dx.doi.org/10.17504/protocols.io.q26g7mwekgwz/v1	UCSF_Parent_DOX_Rep3	6	days	yes	DOX_6days	Parental line; control	CTRL_CRISPRi_AAVS1	WT		dx.doi.org/10.17504/protocols.io.3byl4z39ovo5/v1	474	100	ng	8.7	ng/uL	174	ng	0	12	UCSF_Parent_DOX_Rep3_GT25-03018_ACCATCCANNNNNNNNN-CATACGGA_S51_L003	20250616_GT25-RobsonP-99	primitive syncytium
S52_GT25-03020	UCSF_WT_DOX_Rep2	KOLF2.2J differentiated to the trophoblast lineage and favoring primitive syncytium formation	WT_UCSF_DOX	dx.doi.org/10.17504/protocols.io.q26g7mwekgwz/v1	UCSF_WT_DOX_Rep2	6	days	yes	DOX_6days	WT	CTRL_CRISPRi_WT	WT		dx.doi.org/10.17504/protocols.io.3byl4z39ovo5/v1	484	100	ng	8.26	ng/uL	165.2	ng	0	12	UCSF_WT_DOX_Rep2_GT25-03020_CGGTCATANNNNNNNNN-TGCTCTAC_S52_L003	20250616_GT25-RobsonP-99	primitive syncytium
S53_GT25-03021	UCSF_WT_DOX_Rep3	KOLF2.2J differentiated to the trophoblast lineage and favoring primitive syncytium formation	WT_UCSF_DOX	dx.doi.org/10.17504/protocols.io.q26g7mwekgwz/v1	UCSF_WT_DOX_Rep3	6	days	yes	DOX_6days	WT	CTRL_CRISPRi_WT	WT		dx.doi.org/10.17504/protocols.io.3byl4z39ovo5/v1	481	100	ng	8.52	ng/uL	170.4	ng	0	12	UCSF_WT_DOX_Rep3_GT25-03021_TCAACTGGNNNNNNNNN-CGATTCTG_S53_L003	20250616_GT25-RobsonP-99	primitive syncytium
S54_GT25-03015	UCSF_Pool2_DOX_Rep3	KOLF2.2J derived CRISPRi generated GCM1 null differentiated to the trophoblast lineage and favoring primitive syncytium formation	GCM1-KO_UCSF_DOX_P2	dx.doi.org/10.17504/protocols.io.q26g7mwekgwz/v1	UCSF_Pool2_DOX_Rep3	6	days	yes	DOX_6 days	KO	CRISPRi_UCSF	GCM1		dx.doi.org/10.17504/protocols.io.3byl4z39ovo5/v1	512	100	ng	9.14	ng/uL	182.8	ng	0	12	UCSF_Pool2_DOX_Rep3_GT25-03015_GAGTGGTTNNNNNNNNN-GCATAACG_S54_L003	20250616_GT25-RobsonP-99	primitive syncytium
S55_GT25-03001	NW_C43_DMSO_Rep1	KOLF2.2J derived DMSO control for degron null GCM1 differentiated to the trophoblast lineage and favoring primitive syncytium formation	GCM1-KO_NW_DMSO_C43	dx.doi.org/10.17504/protocols.io.q26g7mwekgwz/v1	NW_C43_DMSO_Rep1	6	days	yes	DMSO_3 days	KO	CTRL_AID_DMSO	WT		dx.doi.org/10.17504/protocols.io.3byl4z39ovo5/v1	488	100	ng	7.44	ng/uL	148.8	ng	0	12	NW_C43_DMSO_Rep1_GT25-03001_AGCAAGCANNNNNNNNN-AAGGAGAC_S55_L003	20250616_GT25-RobsonP-99	primitive syncytium
S56_GT25-03028	UCSF_Parent_DMSO_Rep1	KOLF2.2J arboring CRISPRi transgene in the AAVS1 locus as a control differentiated to the trophoblast lineage and favoring primitive syncytium formation	Parental_UCSF_DMSO	dx.doi.org/10.17504/protocols.io.q26g7mwekgwz/v1	UCSF_Parent_DMSO_Rep1	6	days	yes	DMSO_6days	Parental line; control	CTRL_CRISPRi_AAVS1	WT		dx.doi.org/10.17504/protocols.io.3byl4z39ovo5/v1	482	100	ng	7.92	ng/uL	158.4	ng	0	12	UCSF_Parent_DMSO_Rep1_GT25-03028_TCCAATCGNNNNNNNNN-CAACTGAC_S56_L003	20250616_GT25-RobsonP-99	primitive syncytium
S57_GT25-02997	NW_WT_IAA_Rep3	KOLF2.2J differentiated to the trophoblast lineage and favoring primitive syncytium formation	WT_NW_IAA	dx.doi.org/10.17504/protocols.io.q26g7mwekgwz/v1	NW_WT_IAA_Rep3	6	days	yes	IAA_3 days	WT	CTRL_AID_WT	WT		dx.doi.org/10.17504/protocols.io.3byl4z39ovo5/v1	478	100	ng	7.24	ng/uL	144.8	ng	0	12	NW_WT_IAA_Rep3_GT25-02997_ACACCAGTNNNNNNNNN-AGTGCATC_S57_L003	20250616_GT25-RobsonP-99	primitive syncytium
S58_GT25-03027	UCSF_Pool2_DMSO_Rep3	KOLF2.2J derived DMSO control for CRISPR generated GCM1 null differentiated to the trophoblast lineage and favoring primitive syncytium formation	GCM1-KO_UCSF_DMSO_P2	dx.doi.org/10.17504/protocols.io.q26g7mwekgwz/v1	UCSF_Pool2_DMSO_Rep3	6	days	yes	DMSO_6days	KO	CTRL_CRISPRi_DMSO	WT		dx.doi.org/10.17504/protocols.io.3byl4z39ovo5/v1	486	100	ng	10.5	ng/uL	210	ng	0	12	UCSF_Pool2_DMSO_Rep3_GT25-03027_ATGGCGAANNNNNNNNN-CTCTATCG_S58_L003	20250616_GT25-RobsonP-99	primitive syncytium
S59_GT25-03017	UCSF_Parent_DOX_Rep2	KOLF2.2J arboring CRISPRi transgene in the AAVS1 locus as a control differentiated to the trophoblast lineage and favoring primitive syncytium formation	Parental_UCSF_DOX	dx.doi.org/10.17504/protocols.io.q26g7mwekgwz/v1	UCSF_Parent_DOX_Rep2	6	days	yes	DOX_6 days	Parental line; control	CTRL_CRISPRi_AAVS1	WT		dx.doi.org/10.17504/protocols.io.3byl4z39ovo5/v1	498	100	ng	7.56	ng/uL	151.2	ng	0	12	UCSF_Parent_DOX_Rep2_GT25-03017_CTCCATGTNNNNNNNNN-ACACCGAT_S59_L003	20250616_GT25-RobsonP-99	primitive syncytium
S60_GT25-03024	UCSF_Pool1_DMSO_Rep3	KOLF2.2J derived DMSO control for CRISPR generated GCM1 null differentiated to the trophoblast lineage and favoring primitive syncytium formation	GCM1-KO_UCSF_DMSO_P1	dx.doi.org/10.17504/protocols.io.q26g7mwekgwz/v1	UCSF_Pool1_DMSO_Rep3	6	days	yes	DMSO_6days	KO	CTRL_CRISPRi_DMSO	WT		dx.doi.org/10.17504/protocols.io.3byl4z39ovo5/v1	488	100	ng	9.5	ng/uL	190	ng	0	12	UCSF_Pool1_DMSO_Rep3_GT25-03024_TGTTGTGGNNNNNNNNN-GTGTCCTT_S60_L003	20250616_GT25-RobsonP-99	primitive syncytium
S61_GT25-03002	NW_C43_DMSO_Rep2	KOLF2.2J derived DMSO control for degron null GCM1 differentiated to the trophoblast lineage and favoring primitive syncytium formation	GCM1-KO_NW_DMSO_C43	dx.doi.org/10.17504/protocols.io.q26g7mwekgwz/v1	NW_C43_DMSO_Rep2	6	days	yes	DMSO_3 days	KO	CTRL_AID_DMSO	WT		dx.doi.org/10.17504/protocols.io.3byl4z39ovo5/v1	476	100	ng	6.44	ng/uL	128.8	ng	0	12	NW_C43_DMSO_Rep2_GT25-03002_ATGCCAACNNNNNNNNN-TTACCGAC_S61_L003	20250616_GT25-RobsonP-99	primitive syncytium
S62_GT25-03009	NW_WT_DMSO_Rep3	KOLF2.2J differentiated to the trophoblast lineage and favoring primitive syncytium formation	WT_NW_DMSO	dx.doi.org/10.17504/protocols.io.q26g7mwekgwz/v1	NW_WT_DMSO_Rep3	6	days	yes	DMSO_3 days	WT	CTRL_AID_WT	WT		dx.doi.org/10.17504/protocols.io.3byl4z39ovo5/v1	511	100	ng	6.96	ng/uL	139.2	ng	0	12	NW_WT_DMSO_Rep3_GT25-03009_TGTTCGAGNNNNNNNNN-CGTATCTC_S62_L003	20250616_GT25-RobsonP-99	primitive syncytium
S63_GT25-03023	UCSF_Pool1_DMSO_Rep2	KOLF2.2J derived DMSO control for CRISPR generated GCM1 null differentiated to the trophoblast lineage and favoring primitive syncytium formation	GCM1-KO_UCSF_DMSO_P1	dx.doi.org/10.17504/protocols.io.q26g7mwekgwz/v1	UCSF_Pool1_DMSO_Rep2	6	days	yes	DMSO_6days	KO	CTRL_CRISPRi_DMSO	WT		dx.doi.org/10.17504/protocols.io.3byl4z39ovo5/v1	499	100	ng	8.64	ng/uL	172.8	ng	0	12	UCSF_Pool1_DMSO_Rep2_GT25-03023_GCTGTAAGNNNNNNNNN-TACAGAGC_S63_L003	20250616_GT25-RobsonP-99	primitive syncytium
S64_GT25-03026	UCSF_Pool2_DMSO_Rep2	KOLF2.2J derived DMSO control for CRISPR generated GCM1 null differentiated to the trophoblast lineage and favoring primitive syncytium formation	GCM1-KO_UCSF_DMSO_P2	dx.doi.org/10.17504/protocols.io.q26g7mwekgwz/v1	UCSF_Pool2_DMSO_Rep2	6	days	yes	DMSO_6days	KO	CTRL_CRISPRi_DMSO	WT		dx.doi.org/10.17504/protocols.io.3byl4z39ovo5/v1	473	100	ng	9.54	ng/uL	190.8	ng	0	12	UCSF_Pool2_DMSO_Rep2_GT25-03026_GTGGATAGNNNNNNNNN-TCACCTAG_S64_L003	20250616_GT25-RobsonP-99	primitive syncytium
S65_GT25-02998	NW_C20_DMSO_Rep1	KOLF2.2J derived DMSO control for degron null GCM1 differentiated to the trophoblast lineage and favoring primitive syncytium formation	GCM1-KO_NW_DMSO_C20	dx.doi.org/10.17504/protocols.io.q26g7mwekgwz/v1	NW_C20_DMSO_Rep1	6	days	yes	DMSO_3 days	KO	CTRL_AID_DMSO	WT		dx.doi.org/10.17504/protocols.io.3byl4z39ovo5/v1	451	100	ng	3.94	ng/uL	78.8	ng	0	12	NW_C20_DMSO_Rep1_GT25-02998_TGAACCTGNNNNNNNNN-ACCTCTTC_S65_L003	20250616_GT25-RobsonP-99	primitive syncytium
S67_GT25-03013	UCSF_Pool2_DOX_Rep1	KOLF2.2J derived CRISPRi generated GCM1 null differentiated to the trophoblast lineage and favoring primitive syncytium formation	GCM1-KO_UCSF_DOX_P2	dx.doi.org/10.17504/protocols.io.q26g7mwekgwz/v1	UCSF_Pool2_DOX_Rep1	6	days	yes	DOX_6 days	KO	CRISPRi_UCSF	GCM1		dx.doi.org/10.17504/protocols.io.3byl4z39ovo5/v1	513	100	ng	10.1	ng/uL	202	ng	0	12	UCSF_Pool2_DOX_Rep1_GT25-03013_AGTTGGCTNNNNNNNNN-GCAACCAT_S67_L003	20250616_GT25-RobsonP-99	primitive syncytium
S68_GT25-03022	UCSF_Pool1_DMSO_Rep1	KOLF2.2J derived DMSO control for CRISPR generated GCM1 null differentiated to the trophoblast lineage and favoring primitive syncytium formation	GCM1-KO_UCSF_DMSO_P1	dx.doi.org/10.17504/protocols.io.q26g7mwekgwz/v1	UCSF_Pool1_DMSO_Rep1	6	days	yes	DMSO_6days	KO	CTRL_CRISPRi_DMSO	WT		dx.doi.org/10.17504/protocols.io.3byl4z39ovo5/v1	487	100	ng	8.42	ng/uL	168.4	ng	0	12	UCSF_Pool1_DMSO_Rep1_GT25-03022_CCGTATCTNNNNNNNNN-TTCGTACG_S68_L003	20250616_GT25-RobsonP-99	primitive syncytium
S69_GT25-03010	UCSF_Pool1_DOX_Rep1	KOLF2.2J derived CRISPRi generated GCM1 null differentiated to the trophoblast lineage and favoring primitive syncytium formation	GCM1-KO_UCSF_DOX_P1	dx.doi.org/10.17504/protocols.io.q26g7mwekgwz/v1	UCSF_Pool1_DOX_Rep1	6	days	yes	DOX_6days	KO	CRISPRi_UCSF	GCM1		dx.doi.org/10.17504/protocols.io.3byl4z39ovo5/v1	503	100	ng	9.9	ng/uL	198	ng	0	12	UCSF_Pool1_DOX_Rep1_GT25-03010_AGAGGTTGNNNNNNNNN-GTCATCGT_S69_L003	20250616_GT25-RobsonP-99	primitive syncytium
S70_GT25-03007	NW_WT_DMSO_Rep1	KOLF2.2J differentiated to the trophoblast lineage and favoring primitive syncytium formation	WT_NW_DMSO	dx.doi.org/10.17504/protocols.io.q26g7mwekgwz/v1	NW_WT_DMSO_Rep1	6	days	yes	DMSO_3 days	WT	CTRL_AID_WT	WT		dx.doi.org/10.17504/protocols.io.3byl4z39ovo5/v1	508	100	ng	8.58	ng/uL	171.6	ng	0	12	NW_WT_DMSO_Rep1_GT25-03007_AGCTTGAGNNNNNNNNN-GATCAGAC_S70_L003	20250616_GT25-RobsonP-99	primitive syncytium
S71_GT25-03005	NW_Parent_DMSO_Rep2	KOLF2.2J arboring OsTIR1 as a control for AID system differentiated to the trophoblast lineage and favoring primitive syncytium formation	Parental_NW_DMSO	dx.doi.org/10.17504/protocols.io.q26g7mwekgwz/v1	NW_Parent_DMSO_Rep2	6	days	yes	DMSO_3 days	Parental line; control	CTRL_AID_OsTIR1	WT		dx.doi.org/10.17504/protocols.io.3byl4z39ovo5/v1	514	100	ng	7.94	ng/uL	158.8	ng	0	12	NW_Parent_DMSO_Rep2_GT25-03005_CAGGTTAGNNNNNNNNN-AATCCAGC_S71_L003	20250616_GT25-RobsonP-99	primitive syncytium
S72_GT25-03019	UCSF_WT_DOX_Rep1	KOLF2.2J differentiated to the trophoblast lineage and favoring primitive syncytium formation	WT_UCSF_DOX	dx.doi.org/10.17504/protocols.io.q26g7mwekgwz/v1	UCSF_WT_DOX_Rep1	6	days	yes	DOX_6 days	WT	CTRL_CRISPRi_WT	WT		dx.doi.org/10.17504/protocols.io.3byl4z39ovo5/v1	494	100	ng	10.1	ng/uL	202	ng	0	12	UCSF_WT_DOX_Rep1_GT25-03019_TCCTACCTNNNNNNNNN-ACTCTCCA_S72_L003	20250616_GT25-RobsonP-99	primitive syncytium
S73_GT25-03014	UCSF_Pool2_DOX_Rep2	KOLF2.2J derived CRISPRi generated GCM1 null differentiated to the trophoblast lineage and favoring primitive syncytium formation	GCM1-KO_UCSF_DOX_P2	dx.doi.org/10.17504/protocols.io.q26g7mwekgwz/v1	UCSF_Pool2_DOX_Rep2	6	days	yes	DOX_6days	KO	CRISPRi_UCSF	GCM1		dx.doi.org/10.17504/protocols.io.3byl4z39ovo5/v1	511	100	ng	8.22	ng/uL	164.4	ng	0	12	UCSF_Pool2_DOX_Rep2_GT25-03014_GTACTCTCNNNNNNNNN-TCCTGGTA_S73_L003	20250616_GT25-RobsonP-99	primitive syncytium
S74_GT25-03000	NW_C20_DMSO_Rep3	KOLF2.2J derived DMSO control for degron null GCM1 differentiated to the trophoblast lineage and favoring primitive syncytium formation	GCM1-KO_NW_DMSO_C20	dx.doi.org/10.17504/protocols.io.q26g7mwekgwz/v1	NW_C20_DMSO_Rep3	6	days	yes	DMSO_3 days	KO	CTRL_AID_DMSO	WT		dx.doi.org/10.17504/protocols.io.3byl4z39ovo5/v1	440	100	ng	8.14	ng/uL	162.8	ng	0	12	NW_C20_DMSO_Rep3_GT25-03000_TAGGTAGGNNNNNNNNN-CACAGACT_S74_L003	20250616_GT25-RobsonP-99	primitive syncytium
S75_GT25-03006	NW_Parent_DMSO_Rep3	KOLF2.2J arboring OsTIR1 as a control for AID system differentiated to the trophoblast lineage and favoring primitive syncytium formation	Parental_NW_DMSO	dx.doi.org/10.17504/protocols.io.q26g7mwekgwz/v1	NW_Parent_DMSO_Rep3	6	days	yes	DMSO_3 days	Parental line; control	CTRL_AID_OsTIR1	WT		dx.doi.org/10.17504/protocols.io.3byl4z39ovo5/v1	508	100	ng	8.32	ng/uL	166.4	ng	0	12	NW_Parent_DMSO_Rep3_GT25-03006_AGTGTTGGNNNNNNNNN-CATTGACG_S75_L003	20250616_GT25-RobsonP-99	primitive syncytium
S76_GT25-03011	UCSF_Pool1_DOX_Rep2	KOLF2.2J derived CRISPRi generated GCM1 null differentiated to the trophoblast lineage and favoring primitive syncytium formation	GCM1-KO_UCSF_DOX_P1	dx.doi.org/10.17504/protocols.io.q26g7mwekgwz/v1	UCSF_Pool1_DOX_Rep2	6	days	yes	DOX_6 days	KO	CRISPRi_UCSF	GCM1		dx.doi.org/10.17504/protocols.io.3byl4z39ovo5/v1	501	100	ng	9.3	ng/uL	186	ng	0	12	UCSF_Pool1_DOX_Rep2_GT25-03011_CCTCAGTTNNNNNNNNN-CAGCATAC_S76_L003	20250616_GT25-RobsonP-99	primitive syncytium
S77_GT25-03025	UCSF_Pool2_DMSO_Rep1	KOLF2.2J derived DMSO control for CRISPR generated GCM1 null differentiated to the trophoblast lineage and favoring primitive syncytium formation	GCM1-KO_UCSF_DMSO_P2	dx.doi.org/10.17504/protocols.io.q26g7mwekgwz/v1	UCSF_Pool2_DMSO_Rep1	6	days	yes	DMSO_6days	KO	CTRL_CRISPRi_DMSO	WT		dx.doi.org/10.17504/protocols.io.3byl4z39ovo5/v1	504	100	ng	7.26	ng/uL	145.2	ng	0	12	UCSF_Pool2_DMSO_Rep1_GT25-03025_CGTCTTGTNNNNNNNNN-TTGCGAGA_S77_L003	20250616_GT25-RobsonP-99	primitive syncytium
S78_GT25-02996	NW_WT_IAA_Rep2	KOLF2.2J differentiated to the trophoblast lineage and favoring primitive syncytium formation	WT_NW_IAA	dx.doi.org/10.17504/protocols.io.q26g7mwekgwz/v1	NW_WT_IAA_Rep2	6	days	yes	IAA_3 days	WT	CTRL_AID_WT	WT		dx.doi.org/10.17504/protocols.io.3byl4z39ovo5/v1	480	100	ng	6.6	ng/uL	132	ng	0	12	NW_WT_IAA_Rep2_GT25-02996_TAACGAGGNNNNNNNNN-TAGTCTCG_S78_L003	20250616_GT25-RobsonP-99	primitive syncytium
S79_GT25-03031	UCSF_WT_DMSO_Rep1	KOLF2.2J differentiated to the trophoblast lineage and favoring primitive syncytium formation	WT_UCSF_DMSO	dx.doi.org/10.17504/protocols.io.q26g7mwekgwz/v1	UCSF_WT_DMSO_Rep1	6	days	yes	DMSO_6days	WT	CTRL_CRISPRi_WT	WT		dx.doi.org/10.17504/protocols.io.3byl4z39ovo5/v1	486	100	ng	7.52	ng/uL	150.4	ng	0	12	UCSF_WT_DMSO_Rep1_GT25-03031_CCAAGACTNNNNNNNNN-CTCGGTAA_S79_L003	20250616_GT25-RobsonP-99	primitive syncytium
S80_GT25-03004	NW_Parent_DMSO_Rep1	KOLF2.2J arboring OsTIR1 as a control for AID system differentiated to the trophoblast lineage and favoring primitive syncytium formation	Parental_NW_DMSO	dx.doi.org/10.17504/protocols.io.q26g7mwekgwz/v1	NW_Parent_DMSO_Rep1	6	days	yes	DMSO_3 days	Parental line; control	CTRL_AID_OsTIR1	WT		dx.doi.org/10.17504/protocols.io.3byl4z39ovo5/v1	510	100	ng	6.54	ng/uL	130.8	ng	0	12	NW_Parent_DMSO_Rep1_GT25-03004_CAACGGATNNNNNNNNN-GCCACTTA_S80_L003	20250616_GT25-RobsonP-99	primitive syncytium
S81_GT25-02999	NW_C20_DMSO_Rep2	KOLF2.2J derived DMSO control for degron null GCM1 differentiated to the trophoblast lineage and favoring primitive syncytium formation	GCM1-KO_NW_DMSO_C20	dx.doi.org/10.17504/protocols.io.q26g7mwekgwz/v1	NW_C20_DMSO_Rep2	6	days	yes	DMSO_3 days	KO	CTRL_AID_DMSO	WT		dx.doi.org/10.17504/protocols.io.3byl4z39ovo5/v1	470	100	ng	7.34	ng/uL	146.8	ng	0	12	NW_C20_DMSO_Rep2_GT25-02999_ACGACAGANNNNNNNNN-CGCAACTA_S81_L003	20250616_GT25-RobsonP-99	primitive syncytium
S82_GT25-03032	UCSF_WT_DMSO_Rep2	KOLF2.2J differentiated to the trophoblast lineage and favoring primitive syncytium formation	WT_UCSF_DMSO	dx.doi.org/10.17504/protocols.io.q26g7mwekgwz/v1	UCSF_WT_DMSO_Rep2	6	days	yes	DMSO_6days	WT	CTRL_CRISPRi_WT	WT		dx.doi.org/10.17504/protocols.io.3byl4z39ovo5/v1	481	100	ng	7.74	ng/uL	154.8	ng	0	12	UCSF_WT_DMSO_Rep2_GT25-03032_ACAGACCTNNNNNNNNN-CTAGGTTG_S82_L003	20250616_GT25-RobsonP-99	primitive syncytium
S83_GT25-03016	UCSF_Parent_DOX_Rep1	KOLF2.2J arboring CRISPRi transgene in the AAVS1 locus as a control differentiated to the trophoblast lineage and favoring primitive syncytium formation	Parental_UCSF_DOX	dx.doi.org/10.17504/protocols.io.q26g7mwekgwz/v1	UCSF_Parent_DOX_Rep1	6	days	yes	DOX_6days	Parental line; control	CTRL_CRISPRi_AAVS1	WT		dx.doi.org/10.17504/protocols.io.3byl4z39ovo5/v1	504	100	ng	8.08	ng/uL	161.6	ng	0	12	UCSF_Parent_DOX_Rep1_GT25-03016_CATCGTGANNNNNNNNN-TACCTGCA_S83_L003	20250616_GT25-RobsonP-99	primitive syncytium
S84_GT25-03029	UCSF_Parent_DMSO_Rep2	KOLF2.2J arboring CRISPRi transgene in the AAVS1 locus as a control differentiated to the trophoblast lineage and favoring primitive syncytium formation	Parental_UCSF_DMSO	dx.doi.org/10.17504/protocols.io.q26g7mwekgwz/v1	UCSF_Parent_DMSO_Rep2	6	days	yes	DMSO_6days	Parental line; control	CTRL_CRISPRi_AAVS1	WT		dx.doi.org/10.17504/protocols.io.3byl4z39ovo5/v1	485	100	ng	7.2	ng/uL	144	ng	0	12	UCSF_Parent_DMSO_Rep2_GT25-03029_CTGCACTTNNNNNNNNN-AAGCGTTC_S84_L003	20250616_GT25-RobsonP-99	primitive syncytium
